{
  "flood_prob": {
    "west": 36.797206,
    "south": -1.299908,
    "east": 36.844367,
    "north": -1.265682
  },
  "flood_pred": {
    "west": 36.797206,
    "south": -1.299908,
    "east": 36.844367,
    "north": -1.265682
  },
  "susceptibility_5": {
    "west": 36.784067,
    "south": -1.311651,
    "east": 36.862853,
    "north": -1.255938
  },
  "susceptibility_3": {
    "west": 36.784067,
    "south": -1.311649,
    "east": 36.862852,
    "north": -1.255938
  },
  "dem": {
    "west": 36.797206,
    "south": -1.299908,
    "east": 36.844367,
    "north": -1.265682
  },
  "flow": {
    "west": 36.784067,
    "south": -1.311651,
    "east": 36.862853,
    "north": -1.255938
  },
  "landuse": {
    "west": 36.797419,
    "south": -1.299952,
    "east": 36.844312,
    "north": -1.265726
  }
}